Address,Country/Region,E-mail Address,Fax Number,First Name,Home Phone,Job Title,Last Name,Mobile Phone,Notes,State/Province,Web Page,ZIP/Postal Code,Business Phone,City,Company,Count of ID
123 10th Street,USA,,(123)555-0101,Roland,,Purchasing Manager,Wacker,,,IL,,99999,(123)555-0100,Chicago,Company J,1
123 11th Street,USA,,(123)555-0101,Peter,,Purchasing Manager,Krschne,,,FL,,99999,(123)555-0100,Miami,Company K,1
123 12th Street,USA,,(123)555-0101,John,,Purchasing Manager,Edwards,,,NV,,99999,(123)555-0100,Las Vegas,Company L,1
123 1st Street,USA,,(123)555-0101,Anna,,Owner,Bedecs,,,WA,,99999,(123)555-0100,Seattle,Company A,1
123 2nd Street,USA,,(123)555-0101,Antonio,,Owner,Gratacos Solsona,,,MA,,99999,(123)555-0100,Boston,Company B,1
123 3rd Street,USA,,(123)555-0101,Thomas,,Purchasing Representative,Axen,,,CA,,99999,(123)555-0100,Los Angelas,Company C,1
123 4th Street,USA,,(123)555-0101,Christina,,Purchasing Manager,Lee,,,NY,,99999,(123)555-0100,New York,Company D,1
123 5th Street,USA,,(123)555-0101,Martin,,Owner,O’Donnell,,,MN,,99999,(123)555-0100,Minneapolis,Company E,1
123 6th Street,USA,,(123)555-0101,Francisco,,Purchasing Manager,Pérez-Olaeta,,,WI,,99999,(123)555-0100,Milwaukee,Company F,1
123 7th Street,USA,,(123)555-0101,Ming-Yang,,Owner,Xie,,,ID,,99999,(123)555-0100,Boise,Company G,1
123 8th Street,USA,,(123)555-0101,Elizabeth,,Purchasing Representative,Andersen,,,OR,,99999,(123)555-0100,Portland,Company H,1
123 9th Street,USA,,(123)555-0101,Sven,,Purchasing Manager,Mortensen,,,UT,,99999,(123)555-0100,Salt Lake City,Company I,1
456 13th Street,USA,,(123)555-0101,Andre,,Purchasing Representative,Ludick,,,TN,,99999,(123)555-0100,Memphis,Company M,1
456 14th Street,USA,,(123)555-0101,Carlos,,Purchasing Representative,Grilo,,,CO,,99999,(123)555-0100,Denver,Company N,1
456 15th Street,USA,,(123)555-0101,Helena,,Purchasing Manager,Kupkova,,,HI,,99999,(123)555-0100,Honolulu,Company O,1
456 16th Street,USA,,(123)555-0101,Daniel,,Purchasing Representative,Goldschmidt,,,CA,,99999,(123)555-0100,San Francisco,Company P,1
456 17th Street,USA,,(123)555-0101,Jean Philippe,,Owner,Bagel,,,WA,,99999,(123)555-0100,Seattle,Company Q,1
456 18th Street,USA,,(123)555-0101,Catherine,,Purchasing Representative,Autier Miconi,,,MA,,99999,(123)555-0100,Boston,Company R,1
789 19th Street,USA,,(123)555-0101,Alexander,,Accounting Assistant,Eggerer,,,CA,,99999,(123)555-0100,Los Angelas,Company S,1
789 20th Street,USA,,(123)555-0101,George,,Purchasing Manager,Li,,,NY,,99999,(123)555-0100,New York,Company T,1
789 21th Street,USA,,(123)555-0101,Bernard,,Accounting Manager,Tham,,,MN,,99999,(123)555-0100,Minneapolis,Company U,1
789 22th Street,USA,,(123)555-0101,Luciana,,Purchasing Assistant,Ramos,,,WI,,99999,(123)555-0100,Milwaukee,Company V,1
789 23th Street,USA,,(123)555-0101,Michael,,Purchasing Manager,Entin,,,OR,,99999,(123)555-0100,Portland,Company W,1
789 24th Street,USA,,(123)555-0101,Jonas,,Owner,Hasselberg,,,UT,,99999,(123)555-0100,Salt Lake City,Company X,1
789 25th Street,USA,,(123)555-0101,John,,Purchasing Manager,Rodman,,,IL,,99999,(123)555-0100,Chicago,Company Y,1
789 26th Street,USA,,(123)555-0101,Run,,Accounting Assistant,Liu,,,FL,,99999,(123)555-0100,Miami,Company Z,1
789 27th Street,USA,,(123)555-0101,Karen,,Purchasing Manager,Toh,,,NV,,99999,(123)555-0100,Las Vegas,Company AA,1
789 28th Street,USA,,(123)555-0101,Amritansh,,Purchasing Manager,Raghav,,,TN,,99999,(123)555-0100,Memphis,Company BB,1
789 29th Street,USA,,(123)555-0101,Soo Jung,,Purchasing Manager,Lee,,,CO,,99999,(123)555-0100,Denver,Company CC,1
